prompt,style,seed
"1girl, reading a book, on a cyberpunk street, foggy morning",🖌️ 墨水油画,14627536035136
"a warrior, looking at sky, underwater, snowy evening",✨ 通用高画质,61820183924456
"1girl, looking at sky, in a forest, foggy morning",🌸 日系动漫,52859523502655
"1boy, fighting with sword, underwater, foggy morning",🌸 日系动漫,59619718457268
"a futuristic robot, drinking coffee, in a spaceship, snowy evening",🌸 日系动漫,50813094743273
"a warrior, looking at sky, underwater, foggy morning",🖌️ 墨水油画,92185775699419
"1girl, reading a book, in a spaceship, snowy evening",🖌️ 墨水油画,64830386313575
"a cute cat, looking at sky, underwater, sunny day",🖌️ 墨水油画,77271911544253
"1girl, drinking coffee, in a forest, foggy morning",🖌️ 墨水油画,42669340628338
"1girl, looking at sky, on a cyberpunk street, sunny day",🤖 赛博朋克,15474371049593
